case_number,volunteer_id
0501775-80.2018.4.05.8311,volunt02
0507128-06.2019.4.05.8202,volunt18
0502858-95.2017.4.05.8302,volunt06
0533196-12.2018.4.05.8013,volunt29
0504055-24.2018.4.05.8311,volunt11
0510739-32.2017.4.05.8300,volunt09
0513876-39.2019.4.05.8013,volunt02
0505672-18.2019.4.05.8300,volunt11
0501121-29.2018.4.05.8203,volunt08
0507545-06.2017.4.05.8500,volunt07
0509400-70.2019.4.05.8202,volunt06
0506410-22.2018.4.05.8015,volunt03
0502312-84.2019.4.05.8103,volunt33
0521378-66.2018.4.05.8400,volunt12
0526141-44.2017.4.05.8013,volunt12
0501006-08.2018.4.05.8300,volunt09
0501657-34.2018.4.05.8108,volunt04
0513175-61.2017.4.05.8300,volunt23
0500381-13.2019.4.05.8502,volunt11
0503657-64.2019.4.05.8013,volunt06
0500744-28.2018.4.05.8310,volunt23
0503412-27.2017.4.05.8303,volunt04
0502629-35.2017.4.05.8109,volunt12
0510356-02.2018.4.05.8500,volunt02
0506868-66.2018.4.05.8200,volunt12
0514273-56.2018.4.05.8103,volunt09
0500508-09.2018.4.05.8300,volunt20
0512401-48.2019.4.05.8013,volunt01
0531037-29.2018.4.05.8100,volunt12
0511357-94.2019.4.05.8400,volunt14
0534390-47.2018.4.05.8013,volunt14
0505868-25.2018.4.05.8105,volunt02
0501153-03.2019.4.05.8202,volunt08
0503297-79.2017.4.05.8311,volunt04
0530394-41.2018.4.05.8013,volunt02
0502056-63.2018.4.05.8108,volunt09
0508899-28.2019.4.05.8102,volunt12
0503921-02.2019.4.05.8201,volunt05
0527600-77.2018.4.05.8100,volunt04
0508857-52.2019.4.05.8013,volunt10
0521233-73.2019.4.05.8400,volunt03
0507599-69.2017.4.05.8500,volunt02
0507792-17.2017.4.05.8102,volunt23
0501526-16.2019.4.05.8305,volunt04
0523014-94.2018.4.05.8100,volunt12
0508075-16.2017.4.05.8401,volunt09
0533947-96.2018.4.05.8013,volunt12
0504043-53.2017.4.05.8308,volunt07
0505420-58.2018.4.05.8200,volunt07
0501452-08.2018.4.05.8204,volunt06
0532100-89.2018.4.05.8100,volunt08
0500739-57.2018.4.05.8002,volunt12
0524225-50.2018.4.05.8300,volunt02
0526509-19.2018.4.05.8013,volunt11
0502577-14.2018.4.05.8203,volunt01
0523429-25.2019.4.05.8300,volunt09
0501136-10.2018.4.05.8102,volunt06
0520184-92.2017.4.05.8100,volunt14
0505681-89.2019.4.05.8102,volunt08
0501379-60.2018.4.05.8002,volunt10
0504724-07.2018.4.05.8302,volunt12
0507800-54.2018.4.05.8200,volunt03
0521225-64.2017.4.05.8013,volunt02
0503305-65.2017.4.05.8308,volunt11
0504136-82.2018.4.05.8404,volunt02
0515769-26.2018.4.05.8102,volunt08
0501170-49.2018.4.05.8307,volunt10
0500450-03.2018.4.05.8107,volunt14
0502797-25.2017.4.05.8307,volunt14
0505341-85.2018.4.05.8101,volunt02
0506314-34.2018.4.05.8200,volunt32
0509779-93.2019.4.05.8013,volunt12
0501476-39.2018.4.05.8300,volunt08
0502799-46.2018.4.05.8311,volunt06
0514086-27.2018.4.05.8013,volunt30
0536074-07.2018.4.05.8013,volunt11
0500069-34.2019.4.05.8309,volunt30
0500615-65.2018.4.05.8102,volunt10
0514157-32.2018.4.05.8400,volunt12
0503160-87.2018.4.05.8303,volunt09
0502910-60.2018.4.05.8204,volunt33
0515568-25.2018.4.05.8202,volunt20
0501899-15.2017.4.05.8306,volunt14
0511169-50.2018.4.05.8202,volunt02
0501539-80.2017.4.05.8306,volunt11
0501887-36.2019.4.05.8013,volunt11
0500912-57.2018.4.05.8204,volunt23
0514710-88.2018.4.05.8300,volunt06
0505533-51.2019.4.05.8402,volunt10
0508331-22.2018.4.05.8013,volunt31
0507910-53.2018.4.05.8200,volunt09
0504189-50.2019.4.05.8300,volunt33
0501798-56.2018.4.05.8204,volunt29
0500027-22.2018.4.05.8405,volunt31
0507937-33.2018.4.05.8201,volunt03
0513239-46.2018.4.05.8103,volunt14
0501725-59.2019.4.05.8104,volunt33
0502234-27.2018.4.05.8103,volunt33
0508741-74.2018.4.05.8500,volunt14
0501862-29.2019.4.05.8302,volunt10
0502771-42.2017.4.05.8302,volunt08
0509674-53.2018.4.05.8401,volunt09
0515163-11.2017.4.05.8400,volunt05
0528973-80.2017.4.05.8100,volunt05
0512188-42.2019.4.05.8013,volunt02
0512209-52.2018.4.05.8013,volunt33
0501703-29.2018.4.05.8203,volunt07
0505106-58.2017.4.05.8003,volunt12
0504283-63.2017.4.05.8107,volunt23
0501063-05.2018.4.05.8307,volunt12
0502963-44.2018.4.05.8203,volunt09
0502851-63.2018.4.05.8013,volunt11
0501549-72.2018.4.05.8312,volunt03
0501473-32.2019.4.05.8306,volunt02
0516372-08.2018.4.05.8100,volunt12
0507223-36.2019.4.05.8202,volunt04
0502200-25.2018.4.05.8500,volunt07
0515915-09.2019.4.05.8013,volunt06
0510612-63.2018.4.05.8202,volunt08
0500367-32.2019.4.05.8501,volunt18
0501956-11.2018.4.05.8205,volunt11
0529758-08.2018.4.05.8100,volunt10
0502704-43.2018.4.05.8205,volunt11
0519075-43.2017.4.05.8100,volunt29
0527058-07.2019.4.05.8300,volunt07
0530691-78.2018.4.05.8100,volunt29
0501582-46.2019.4.05.8015,volunt14
0535264-95.2019.4.05.8013,volunt29
0501803-62.2019.4.05.8101,volunt29
0501672-90.2019.4.05.8100,volunt29
0504308-43.2017.4.05.8312,volunt29
0500069-64.2019.4.05.8202,volunt10
0502153-72.2018.4.05.8105,volunt23
0500346-93.2018.4.05.8015,volunt12
0507298-46.2017.4.05.8202,volunt11
0510932-47.2017.4.05.8300,volunt12
0503518-89.2017.4.05.8302,volunt12
0523227-03.2018.4.05.8100,volunt30
0500905-35.2018.4.05.8311,volunt06
0503687-35.2019.4.05.8002,volunt01
0501776-95.2018.4.05.8107,volunt20
0501754-49.2018.4.05.8103,volunt07
0530478-72.2018.4.05.8100,volunt10
0528356-56.2018.4.05.8013,volunt30
0514077-31.2019.4.05.8013,volunt11
0503781-05.2018.4.05.8200,volunt11
0503381-58.2018.4.05.8307,volunt31
0531570-21.2019.4.05.8013,volunt31
0500614-10.2019.4.05.8308,volunt31
0502339-83.2018.4.05.8400,volunt31
0501874-92.2018.4.05.8200,volunt33
0507008-37.2017.4.05.8103,volunt31
0509027-16.2017.4.05.8200,volunt12
0510698-65.2017.4.05.8300,volunt14
0507043-51.2018.4.05.8300,volunt08
0505311-17.2018.4.05.8500,volunt33
0529434-85.2018.4.05.8013,volunt31
0507128-31.2018.4.05.8108,volunt07
0507984-67.2019.4.05.8202,volunt11
0501495-90.2019.4.05.8500,volunt11
0506187-05.2018.4.05.8101,volunt20
0503283-07.2017.4.05.8308,volunt01
0507561-84.2017.4.05.8200,volunt12
0518668-66.2019.4.05.8100,volunt33
0503161-75.2018.4.05.8302,volunt10
0508829-49.2017.4.05.8015,volunt05
0506231-81.2019.4.05.8200,volunt33
0517558-02.2019.4.05.8013,volunt06
0516064-60.2018.4.05.8200,volunt14
0520644-18.2018.4.05.8400,volunt33
0509414-67.2018.4.05.8500,volunt14
0511995-10.2017.4.05.8300,volunt32
0501844-36.2018.4.05.8304,volunt01
0505407-90.2017.4.05.8201,volunt07
0503392-86.2019.4.05.8102,volunt06
0507773-65.2018.4.05.8202,volunt03
0530633-75.2018.4.05.8100,volunt02
0504691-75.2017.4.05.8003,volunt02
0505280-13.2017.4.05.8312,volunt23
0500031-65.2018.4.05.8403,volunt14
0507731-31.2018.4.05.8100,volunt01
0509438-53.2017.4.05.8202,volunt05
0502861-32.2017.4.05.8308,volunt29
0523810-85.2018.4.05.8100,volunt10
0508075-31.2017.4.05.8202,volunt29
0513509-49.2018.4.05.8013,volunt01
0500441-04.2019.4.05.8108,volunt29
0506408-82.2018.4.05.8102,volunt05
0529153-66.2017.4.05.8013,volunt05
0518832-56.2018.4.05.8200,volunt11
0512374-57.2017.4.05.8200,volunt30
0505070-98.2017.4.05.8105,volunt11
0512116-83.2018.4.05.8015,volunt06
0509064-79.2018.4.05.8015,volunt30
0504149-14.2018.4.05.8103,volunt30
0515722-52.2018.4.05.8102,volunt06
0504198-30.2019.4.05.8100,volunt29
0502087-59.2018.4.05.8310,volunt08
0506973-52.2018.4.05.8100,volunt14
0516837-53.2019.4.05.8400,volunt20
0503421-79.2018.4.05.8100,volunt20
0507558-74.2018.4.05.8013,volunt20
0509000-96.2018.4.05.8200,volunt23
0506210-55.2017.4.05.8401,volunt06
0529257-58.2017.4.05.8013,volunt11
0505155-29.2018.4.05.8015,volunt11
0511133-30.2017.4.05.8400,volunt07
0503602-38.2018.4.05.8502,volunt08
0501567-39.2017.4.05.8503,volunt05
0515857-70.2018.4.05.8100,volunt05
0503257-87.2018.4.05.8109,volunt06
0500385-72.2018.4.05.8312,volunt14
0508689-45.2017.4.05.8102,volunt14
0501478-97.2018.4.05.8400,volunt31
0514605-77.2019.4.05.8300,volunt11
0508106-95.2019.4.05.8100,volunt29
0511971-57.2018.4.05.8102,volunt08
0502046-31.2018.4.05.8104,volunt33
0500312-84.2019.4.05.8015,volunt06
0504006-34.2018.4.05.8003,volunt10
0515498-48.2017.4.05.8200,volunt20
0504017-70.2017.4.05.8303,volunt05
0500325-71.2019.4.05.8310,volunt05
0510092-06.2018.4.05.8202,volunt29
0512890-37.2018.4.05.8202,volunt06
0513256-10.2017.4.05.8300,volunt33
0502593-47.2018.4.05.8500,volunt14
0508431-98.2018.4.05.8102,volunt11
0509288-81.2017.4.05.8102,volunt10
0502004-18.2019.4.05.8404,volunt03
0509317-42.2019.4.05.8400,volunt07
0500340-52.2019.4.05.8500,volunt01
0504182-43.2019.4.05.8402,volunt33
0503920-24.2018.4.05.8307,volunt33
0505274-53.2019.4.05.8015,volunt08
0505262-85.2018.4.05.8108,volunt05
0512884-70.2017.4.05.8103,volunt33
0522513-16.2018.4.05.8400,volunt24
0511949-93.2018.4.05.8200,volunt11
0505023-30.2017.4.05.8201,volunt33
0503026-69.2018.4.05.8300,volunt20
0500906-41.2018.4.05.8013,volunt05
0506079-04.2017.4.05.8103,volunt20
0504128-08.2018.4.05.8307,volunt02
0523069-90.2019.4.05.8300,volunt08
0504816-03.2018.4.05.8102,volunt07
0505903-43.2018.4.05.8312,volunt04
0520451-46.2017.4.05.8300,volunt03
0506692-44.2019.4.05.8300,volunt02
0500520-64.2020.4.05.8102,volunt30
0500388-29.2019.4.05.8203,volunt20
0512400-63.2019.4.05.8013,volunt20
0503684-68.2019.4.05.8200,volunt30
0515038-21.2018.4.05.8202,volunt11
0501719-68.2018.4.05.8304,volunt30
0500872-59.2019.4.05.8101,volunt02
0511228-35.2018.4.05.8300,volunt02
0501986-71.2017.4.05.8402,volunt11
0501218-68.2019.4.05.8405,volunt29
0502022-64.2018.4.05.8310,volunt08
0500945-07.2019.4.05.8400,volunt08
0502453-94.2019.4.05.8203,volunt23
0501383-97.2018.4.05.8002,volunt23
0502429-10.2017.4.05.8309,volunt11
0507127-68.2017.4.05.8500,volunt31
0501363-97.2018.4.05.8102,volunt06
0506463-03.2018.4.05.8500,volunt29
0504075-93.2019.4.05.8015,volunt05
0506899-43.2019.4.05.8300,volunt08
0501364-49.2018.4.05.8307,volunt20
0505359-10.2017.4.05.8500,volunt18
0503046-54.2018.4.05.8302,volunt10
0518774-98.2019.4.05.8400,volunt14
0503396-33.2018.4.05.8402,volunt05
0509965-14.2017.4.05.8102,volunt14
0503171-25.2018.4.05.8204,volunt14
0507002-53.2019.4.05.8202,volunt11
0500836-14.2019.4.05.8102,volunt04
0500463-68.2019.4.05.8106,volunt06
0511457-29.2017.4.05.8300,volunt05
0504789-36.2017.4.05.8302,volunt33
0501436-33.2018.4.05.8405,volunt03
0506885-08.2018.4.05.8102,volunt10
0510553-09.2017.4.05.8300,volunt10
0512716-28.2018.4.05.8202,volunt11
0501395-38.2019.4.05.8306,volunt11
0503969-16.2019.4.05.8312,volunt05
0505989-56.2018.4.05.8201,volunt01
0501937-41.2019.4.05.8311,volunt10
0512365-09.2019.4.05.8400,volunt20
0510283-39.2018.4.05.8400,volunt18
0505065-61.2017.4.05.8401,volunt29
0506172-72.2019.4.05.8013,volunt33
0510956-84.2017.4.05.8103,volunt02
0509164-34.2018.4.05.8015,volunt01
0514330-31.2019.4.05.8300,volunt33
0500057-90.2018.4.05.8200,volunt23
0528556-63.2018.4.05.8013,volunt06
0501647-53.2019.4.05.8302,volunt05
0505395-84.2019.4.05.8402,volunt04
0506752-73.2017.4.05.8401,volunt20
0501375-78.2018.4.05.8404,volunt20
0533753-33.2017.4.05.8013,volunt14
0500819-76.2018.4.05.8307,volunt07
0506086-87.2017.4.05.8105,volunt05
0514108-12.2018.4.05.8102,volunt05
0503317-82.2017.4.05.8404,volunt10
0500064-67.2018.4.05.8108,volunt08
0501000-11.2017.4.05.8405,volunt08
0510457-73.2017.4.05.8500,volunt02
0500863-19.2018.4.05.8203,volunt04
0503410-38.2018.4.05.8104,volunt05
0504484-64.2017.4.05.8201,volunt06
0533152-27.2017.4.05.8013,volunt14
0501210-21.2019.4.05.8202,volunt10
0500927-92.2019.4.05.8106,volunt14
0502477-59.2018.4.05.8203,volunt30
0503749-85.2018.4.05.8204,volunt20
0526578-51.2018.4.05.8013,volunt23
0500026-48.2019.4.05.8002,volunt20
0502997-88.2019.4.05.8201,volunt23
0502427-40.2017.4.05.8309,volunt05
0520672-47.2017.4.05.8100,volunt03
0507269-93.2017.4.05.8202,volunt06
0511941-53.2017.4.05.8200,volunt10
0501576-58.2018.4.05.8311,volunt14
0502069-77.2018.4.05.8103,volunt02
0504116-15.2018.4.05.8300,volunt11
0511521-48.2017.4.05.8103,volunt31
0502083-30.2019.4.05.8102,volunt31
0502032-56.2018.4.05.8101,volunt08
0503774-79.2019.4.05.8102,volunt31
0500074-59.2019.4.05.8308,volunt05
0510399-45.2018.4.05.8400,volunt29
0536743-60.2018.4.05.8013,volunt02
0503986-43.2018.4.05.8003,volunt03
0520621-72.2018.4.05.8400,volunt01
0517860-31.2019.4.05.8013,volunt06
0504421-44.2019.4.05.8403,volunt05
0503073-62.2017.4.05.8305,volunt11
0512059-32.2017.4.05.8102,volunt11
0506796-52.2018.4.05.8500,volunt02
0501847-75.2019.4.05.8103,volunt14
0509999-18.2019.4.05.8102,volunt10
0502578-33.2017.4.05.8203,volunt07
0514446-96.2017.4.05.8400,volunt08
0511924-20.2017.4.05.8102,volunt18
0506234-52.2018.4.05.8400,volunt07
0501488-10.2019.4.05.8303,volunt05
0507450-73.2017.4.05.8015,volunt05
0518608-55.2017.4.05.8200,volunt14
0521252-77.2017.4.05.8100,volunt10
0527231-87.2017.4.05.8013,volunt20
0502535-72.2017.4.05.8502,volunt01
0513297-91.2019.4.05.8013,volunt29
0505276-78.2018.4.05.8105,volunt33
0503733-12.2019.4.05.8103,volunt29
0506380-23.2018.4.05.8003,volunt29
0506617-08.2019.4.05.8202,volunt11
0501252-04.2018.4.05.8300,volunt33
0508567-65.2018.4.05.8015,volunt29
0501337-44.2019.4.05.8303,volunt23
0510207-78.2019.4.05.8400,volunt14
0501915-22.2019.4.05.8104,volunt18
0505459-44.2017.4.05.8312,volunt02
0513910-69.2018.4.05.8200,volunt04
0501807-03.2018.4.05.8306,volunt30
0500786-43.2019.4.05.8310,volunt06
0508065-63.2017.4.05.8015,volunt11
0500348-87.2018.4.05.8201,volunt08
0502613-66.2017.4.05.8502,volunt20
0503680-38.2018.4.05.8015,volunt06
0516258-06.2017.4.05.8100,volunt11
0502789-42.2017.4.05.8309,volunt29
0506852-43.2017.4.05.8202,volunt05
0513363-32.2018.4.05.8102,volunt10
0521768-11.2019.4.05.8300,volunt33
0501681-47.2018.4.05.8307,volunt29
0501950-58.2019.4.05.8402,volunt29
0505314-62.2019.4.05.8103,volunt33
0502427-30.2018.4.05.8107,volunt05
0525839-45.2017.4.05.8100,volunt05
0517612-57.2017.4.05.8200,volunt11
0503002-93.2017.4.05.8003,volunt30
0501202-75.2018.4.05.8203,volunt06
0508308-37.2017.4.05.8102,volunt07
0507600-07.2019.4.05.8202,volunt01
0501629-63.2018.4.05.8303,volunt08
0521860-23.2018.4.05.8300,volunt29
0506578-79.2017.4.05.8202,volunt11
0507214-93.2018.4.05.8013,volunt23
0517204-57.2017.4.05.8300,volunt10
0522023-25.2017.4.05.8013,volunt05
0518647-97.2018.4.05.8400,volunt11
0502155-17.2019.4.05.8102,volunt01
0501659-91.2019.4.05.8100,volunt31
0512685-90.2018.4.05.8013,volunt08
0501045-05.2018.4.05.8203,volunt31
0514632-51.2019.4.05.8400,volunt06
0522196-49.2017.4.05.8013,volunt20
0528899-89.2018.4.05.8100,volunt29
0503103-66.2018.4.05.8401,volunt06
0500985-23.2018.4.05.8303,volunt05
0501251-88.2019.4.05.8104,volunt20
0500567-66.2019.4.05.8104,volunt11
0502432-89.2017.4.05.8106,volunt04
0523126-63.2018.4.05.8100,volunt10
0501562-20.2017.4.05.8308,volunt11
0520560-44.2018.4.05.8100,volunt11
0501400-09.2018.4.05.8205,volunt06
0528781-49.2019.4.05.8013,volunt33
0505835-38.2018.4.05.8201,volunt24
0506423-21.2018.4.05.8015,volunt07
0505163-42.2018.4.05.8003,volunt07
0502949-20.2019.4.05.8302,volunt01
0501397-45.2018.4.05.8305,volunt06
0528472-92.2018.4.05.8100,volunt14
0500501-02.2018.4.05.8305,volunt23
0502910-63.2018.4.05.8203,volunt14
0502165-04.2018.4.05.8003,volunt05
0504767-68.2018.4.05.8002,volunt03
0515745-38.2017.4.05.8100,volunt06
0504415-71.2018.4.05.8500,volunt02
0500974-67.2018.4.05.8311,volunt29
0503807-03.2018.4.05.8103,volunt10
0519925-70.2017.4.05.8400,volunt29
0500530-58.2018.4.05.8400,volunt11
0502237-43.2018.4.05.8309,volunt29
0500375-12.2019.4.05.8306,volunt06
0510286-12.2018.4.05.8200,volunt02
0511957-73.2018.4.05.8102,volunt04
0523433-87.2018.4.05.8400,volunt14
0500593-92.2018.4.05.8106,volunt29
0512135-95.2018.4.05.8013,volunt07
0503614-76.2018.4.05.8300,volunt29
0527942-25.2017.4.05.8100,volunt10
0508496-27.2017.4.05.8200,volunt11
0511744-98.2017.4.05.8200,volunt03
0505095-49.2019.4.05.8103,volunt20
0502439-57.2017.4.05.8308,volunt20
0501111-79.2018.4.05.8204,volunt20
0500352-66.2019.4.05.8403,volunt07
0501727-14.2019.4.05.8400,volunt06
0504087-19.2019.4.05.8400,volunt14
0502415-44.2017.4.05.8303,volunt29
0517162-80.2018.4.05.8200,volunt14
0520551-19.2017.4.05.8100,volunt08
0501099-56.2018.4.05.8013,volunt05
0507634-13.2018.4.05.8300,volunt05
0505568-29.2019.4.05.8202,volunt07
0529309-20.2018.4.05.8013,volunt08
0500117-24.2018.4.05.8504,volunt11
0504868-14.2019.4.05.8312,volunt31
0508144-89.2019.4.05.8300,volunt31
0502740-28.2017.4.05.8203,volunt29
0503339-43.2017.4.05.8307,volunt05
0509758-12.2017.4.05.8103,volunt10
0511282-53.2017.4.05.8100,volunt10
0500451-82.2018.4.05.8205,volunt07
0509086-04.2017.4.05.8103,volunt20
0500897-27.2019.4.05.8310,volunt08
0500013-25.2019.4.05.8204,volunt14
0500579-62.2019.4.05.8304,volunt01
0501393-98.2019.4.05.8102,volunt29
0501275-65.2018.4.05.8100,volunt06
0501530-86.2019.4.05.8003,volunt05
0515165-65.2018.4.05.8102,volunt11
0509009-49.2018.4.05.8300,volunt03
0506074-20.2019.4.05.8100,volunt11
0501170-67.2018.4.05.8204,volunt30
0500026-97.2019.4.05.8309,volunt20
0507544-71.2019.4.05.8202,volunt06
0502547-86.2017.4.05.8502,volunt10
0501243-84.2019.4.05.8307,volunt32
0536969-65.2018.4.05.8013,volunt29
0503362-30.2019.4.05.8303,volunt24
0502155-33.2018.4.05.8302,volunt07
0515500-09.2017.4.05.8300,volunt06
0503221-45.2018.4.05.8109,volunt23
0504146-78.2017.4.05.8108,volunt23
0503266-42.2019.4.05.8100,volunt29
0501465-73.2019.4.05.8203,volunt10
0524331-30.2018.4.05.8100,volunt29
0501080-84.2017.4.05.8304,volunt32
0522986-29.2018.4.05.8100,volunt31
0503829-58.2018.4.05.8104,volunt04
0500003-02.2019.4.05.8003,volunt32
0504982-14.2018.4.05.8400,volunt32
0503329-96.2017.4.05.8404,volunt20
0505558-79.2019.4.05.8300,volunt20
0502829-89.2019.4.05.8103,volunt32
0500403-93.2018.4.05.8312,volunt10
0501736-80.2018.4.05.8312,volunt31
0508916-04.2018.4.05.8101,volunt08
0517973-22.2018.4.05.8400,volunt29
0502437-77.2018.4.05.8203,volunt05
0511739-33.2018.4.05.8300,volunt05
0502161-04.2017.4.05.8002,volunt04
0505378-27.2019.4.05.8312,volunt32
0515770-11.2018.4.05.8102,volunt06
0529259-28.2017.4.05.8013,volunt32
0514217-65.2019.4.05.8013,volunt14
0501681-56.2018.4.05.8401,volunt10
0502253-24.2018.4.05.8300,volunt18
0519835-25.2018.4.05.8013,volunt01
0503177-02.2018.4.05.8311,volunt02
0507863-58.2018.4.05.8013,volunt03
0512827-09.2018.4.05.8300,volunt20
0503846-85.2018.4.05.8204,volunt20
0502155-78.2019.4.05.8308,volunt29
0502038-36.2018.4.05.8013,volunt33
0502446-15.2018.4.05.8502,volunt29
0515723-77.2017.4.05.8100,volunt01
0522318-40.2018.4.05.8300,volunt33
0511326-36.2017.4.05.8015,volunt06
0517728-71.2019.4.05.8013,volunt01
0510769-58.2017.4.05.8400,volunt18
0509504-05.2018.4.05.8200,volunt10
0505911-10.2019.4.05.8013,volunt10
0503374-59.2019.4.05.8201,volunt23
0502072-44.2018.4.05.8002,volunt23
0502981-65.2018.4.05.8300,volunt20
0502658-57.2018.4.05.8107,volunt20
0532269-12.2019.4.05.8013,volunt08
0512417-05.2019.4.05.8400,volunt30
0522471-91.2018.4.05.8100,volunt30
0516316-88.2017.4.05.8300,volunt29
0513755-06.2017.4.05.8102,volunt33
0518378-13.2017.4.05.8200,volunt30
0505911-50.2018.4.05.8108,volunt06
0501768-24.2018.4.05.8203,volunt30
0503132-50.2017.4.05.8402,volunt30
0512426-56.2017.4.05.8102,volunt01
0502889-51.2018.4.05.8312,volunt07
0507808-10.2018.4.05.8013,volunt29
0508517-35.2019.4.05.8102,volunt14
0504018-24.2018.4.05.8302,volunt10
0513880-50.2017.4.05.8400,volunt05
0502077-30.2018.4.05.8305,volunt20
0527168-58.2018.4.05.8100,volunt24
0506701-28.2018.4.05.8401,volunt11
0502239-13.2018.4.05.8309,volunt23
0504343-59.2019.4.05.8400,volunt11
0513074-36.2017.4.05.8102,volunt05
0509664-84.2019.4.05.8300,volunt31
0503946-95.2017.4.05.8003,volunt10
0500664-60.2019.4.05.8203,volunt18
0528923-54.2017.4.05.8100,volunt05
0515231-33.2018.4.05.8300,volunt11
0514358-85.2017.4.05.8100,volunt02
0506771-03.2017.4.05.8103,volunt03
0500367-11.2018.4.05.8002,volunt06
0507435-57.2019.4.05.8202,volunt07
0502001-75.2019.4.05.8303,volunt07
0505686-87.2019.4.05.8401,volunt08
0505454-75.2019.4.05.8401,volunt20
0504857-76.2018.4.05.8002,volunt29
0519091-51.2018.4.05.8200,volunt29
0500924-50.2018.4.05.8308,volunt06
0500201-49.2018.4.05.8205,volunt11
0505129-27.2019.4.05.8102,volunt04
0504413-04.2018.4.05.8500,volunt14
0517605-10.2018.4.05.8013,volunt14
0507204-43.2018.4.05.8500,volunt33
0505982-04.2017.4.05.8103,volunt01
0502998-14.2017.4.05.8308,volunt03
0502181-15.2019.4.05.8102,volunt29
0517696-24.2018.4.05.8200,volunt01
0501616-67.2018.4.05.8205,volunt07
0506058-34.2017.4.05.8101,volunt02
0514647-97.2017.4.05.8300,volunt04
0502459-77.2019.4.05.8308,volunt05
0509262-25.2018.4.05.8013,volunt11
0503220-12.2017.4.05.8104,volunt20
0504860-76.2019.4.05.8202,volunt33
0524359-31.2019.4.05.8013,volunt10
0527958-46.2017.4.05.8013,volunt30
0507535-25.2018.4.05.8015,volunt07
0500091-19.2019.4.05.8204,volunt30
0507842-34.2017.4.05.8202,volunt06
0504145-62.2018.4.05.8107,volunt18
0502699-39.2018.4.05.8102,volunt30
0502443-26.2019.4.05.8308,volunt30
0503751-67.2018.4.05.8200,volunt11
0502386-69.2018.4.05.8202,volunt24
0503208-36.2019.4.05.8101,volunt29
0509515-41.2017.4.05.8500,volunt29
0507704-84.2019.4.05.8400,volunt10
0502691-48.2017.4.05.8312,volunt33
0514368-26.2017.4.05.8102,volunt14
0532291-37.2018.4.05.8100,volunt08
0504006-14.2017.4.05.8312,volunt05
0509300-92.2017.4.05.8103,volunt07
0500286-29.2018.4.05.8401,volunt11
0502416-64.2019.4.05.8107,volunt20
0507034-41.2017.4.05.8101,volunt20
0510291-88.2019.4.05.8300,volunt05
0501087-33.2018.4.05.8404,volunt10
0506057-37.2017.4.05.8105,volunt31
0514982-73.2018.4.05.8400,volunt31
0520332-42.2018.4.05.8400,volunt06
0526397-17.2017.4.05.8100,volunt14
0500678-72.2018.4.05.8108,volunt31
0500308-17.2018.4.05.8101,volunt11
0501013-67.2018.4.05.8310,volunt11
0505900-05.2019.4.05.8102,volunt08
0502558-08.2018.4.05.8106,volunt08
0504940-71.2018.4.05.8300,volunt10
0514651-55.2017.4.05.8100,volunt02
0509519-08.2017.4.05.8103,volunt12
0508554-93.2018.4.05.8200,volunt20
0518145-25.2017.4.05.8100,volunt14
0507182-03.2018.4.05.8300,volunt01
0504889-87.2019.4.05.8312,volunt14
0511216-55.2017.4.05.8300,volunt11
0501721-29.2018.4.05.8501,volunt12
0502911-20.2019.4.05.8104,volunt03
0507349-02.2018.4.05.8015,volunt12
0512668-91.2017.4.05.8400,volunt32
0503976-06.2017.4.05.8303,volunt06
0509813-42.2017.4.05.8400,volunt12
0505608-39.2018.4.05.8107,volunt01
0528938-86.2018.4.05.8100,volunt32
0532278-08.2018.4.05.8013,volunt05
0502766-40.2019.4.05.8402,volunt29
0502097-06.2018.4.05.8310,volunt12
0502363-80.2019.4.05.8302,volunt06
0500111-74.2019.4.05.8312,volunt12
0532947-61.2018.4.05.8013,volunt12
0502597-80.2019.4.05.8102,volunt12
0513574-22.2019.4.05.8300,volunt20
0502964-30.2017.4.05.8311,volunt20
0512996-30.2017.4.05.8300,volunt20
0502784-23.2017.4.05.8308,volunt30
0504750-75.2018.4.05.8311,volunt06
0501587-65.2019.4.05.8404,volunt30
0500206-22.2019.4.05.8307,volunt32
0501607-33.2017.4.05.8402,volunt30
0503354-47.2019.4.05.8402,volunt10
0502960-04.2018.4.05.8102,volunt12
0524348-03.2017.4.05.8100,volunt12
0502167-56.2018.4.05.8105,volunt12
0500013-83.2018.4.05.8002,volunt06
0507081-09.2017.4.05.8200,volunt12
0501396-72.2018.4.05.8107,volunt12
0502326-09.2017.4.05.8307,volunt14
0503615-77.2017.4.05.8403,volunt32
0500777-48.2018.4.05.8203,volunt32
0502893-81.2019.4.05.8400,volunt12
0509208-40.2019.4.05.8202,volunt32
0519637-34.2017.4.05.8300,volunt12
0517020-21.2019.4.05.8013,volunt08
0501456-23.2019.4.05.8103,volunt20
0522066-88.2019.4.05.8013,volunt12
0502270-75.2018.4.05.8101,volunt31
0509494-95.2017.4.05.8102,volunt32
0503031-97.2018.4.05.8201,volunt31
0515780-68.2017.4.05.8400,volunt32
0506120-31.2018.4.05.8201,volunt06
0502725-04.2018.4.05.8501,volunt12
0514197-32.2018.4.05.8200,volunt08
0503107-66.2019.4.05.8402,volunt12
0501763-75.2018.4.05.8405,volunt10
0521991-83.2018.4.05.8013,volunt12
0501877-04.2019.4.05.8300,volunt12
0503501-98.2018.4.05.8308,volunt01
0505322-58.2018.4.05.8108,volunt02
0502827-29.2018.4.05.8500,volunt02
0502304-66.2017.4.05.8107,volunt02
0502543-12.2018.4.05.8309,volunt32
0514816-41.2018.4.05.8400,volunt12
0503383-28.2018.4.05.8307,volunt02
0512025-74.2019.4.05.8300,volunt12
0509275-70.2017.4.05.8300,volunt12
0520251-05.2018.4.05.8300,volunt14
0515702-71.2017.4.05.8013,volunt32
0500145-13.2018.4.05.8109,volunt20
0503477-06.2018.4.05.8200,volunt14
0501759-10.2019.4.05.8403,volunt29
0519115-25.2017.4.05.8100,volunt12
0504005-07.2018.4.05.8502,volunt04
0512834-44.2017.4.05.8103,volunt12
0509251-23.2018.4.05.8101,volunt06
0518316-61.2017.4.05.8300,volunt12
0502597-12.2017.4.05.8503,volunt02
0502542-82.2017.4.05.8205,volunt02
0504586-52.2018.4.05.8201,volunt32
0522136-09.2017.4.05.8100,volunt12
0502287-96.2018.4.05.8106,volunt12
0517669-83.2019.4.05.8013,volunt32
